﻿Id Ensemble;Id Modelo;Tamaño Imagen;Modelo;Datos modelo;Ponderación Ensemble;Tiempo entrenamiento;Valid AUC;Test PRIV LB;Test PUB LB;Test Avg AUC
1;11;384x384x3;EfficientNetB6;ISIC 2020;NA;0:19;0,89;0,9001;0,9287;0,90868
1;12;512x512x3;EfficientNetB6;ISIC 2020;NA;0:23;0,86;0,8938;0,9221;0,90229
1;16;768x768x3;EfficientNetB6;ISIC 2020;NA;0:36;0,9;0,9013;0,9373;0,9121
1;17;768x768x3;EfficientNetB6;ISIC 2020;NA;0:45;0,9;0,9153;0,9367;0,92172
1;18;1024x1024x3;EfficientNetB6;ISIC 2020;NA;0:44;0,9;0,8974;0,9249;0,90565
1;tab_1;NA;Predictor simple;ISIC 2020;NA;0:01;NA;0,6482;0,6928;0,66158
1;tab_2_xgb;NA;XGBoost;ISIC 2020;NA;0:01;NA;0,6346;0,6815;0,64867
1;ENS1;Ensemble tamaños;EfficientNetB6;[11, 12, 16, 17, 18];[0.2, 0.2, 0.2, 0.2, 0.2];2:48;NA;0,9133;0,9348;0,91975
1;ENS11;Ensemble tamaños;EfficientNetB6 + Tab;[11, 12, 16, 17, 18, tab_1];[0.166, 0.166, 0.166, 0.166, 0.17];2:48;NA;0,9161;0,9413;0,92366
1;ENS12;Ensemble tamaños;EfficientNetB6 + Tab;[11, 12, 16, 17, 18, tab_1];[0.18, 0.18, 0.18, 0.18, 0.1];2:48;NA;0,9158;0,9402;0,92312
1;ENS13;Ensemble tamaños;EfficientNetB6 + Tab xgboost;[11, 12, 16, 17, 18, tab_2_xgb];[0.166, 0.166, 0.166, 0.166, 0.17];2:48;NA;0,9155;0,9412;0,92321
1;ENS14;Ensemble tamaños;EfficientNetB6 + Tab xgboost;[11, 12, 16, 17, 18, tab_2_xgb];[0.18, 0.18, 0.18, 0.18, 0.1];2:48;NA;0,9158;0,9401;0,92309
2;19;384x384x3;EfficientNetB7;ISIC 2020;NA;0:26;0,87;0,8993;0,9276;0,90779
2;11;384x384x3;EfficientNetB6;ISIC 2020;NA;0:19;0,89;0,9001;0,9287;0,90868
2;20;384x384x3;EfficientNetB5;ISIC 2020;NA;0:17;0,88;0,9086;0,9342;0,91628
2;21;384x384x3;EfficientNetB4;ISIC 2020;NA;0:14;0,87;0,9054;0,9304;0,9129
2;22;384x384x3;EfficientNetB3;ISIC 2020;NA;0:12;0,88;0,9045;0,9297;0,91206
2;23;384x384x3;EfficientNetB2;ISIC 2020;NA;0:12;0,84;0,8712;0,9113;0,88323
2;24;384x384x3;EfficientNetB1;ISIC 2020;NA;0:12;0,86;0,8956;0,9259;0,90469
2;25;384x384x3;EfficientNetB0;ISIC 2020;NA;0:10;0,83;0,8899;0,9166;0,89791
2;ENS2;384x384x3;Ensemble EffNet;[11, 19, 20, 21, 22, 23, 24, 25];[0.2, 0.2, 0.1, 0.1, 0.1, 0.1, 0.1, 0.1];2:03;NA;0,9111;0,935;0,91827
2;ENS21;384x384x3;Ensemble EffNet + Tab;[11, 19, 20, 21, 22, 23, 24, 25, tab_1];[0.2, 0.1, 0.1, 0.1, 0.1, 0.1, 0.1, 0.1, 0.1];2:03;NA;0,9158;0,9372;0,92222
2;ENS22;384x384x3;Ensemble EffNet + Tab;[11, 19, 20, 21, 22, 23, 24, 25, tab_1];[0.18, 0.18, 0.09, 0.09, 0.09, 0.09, 0.09, 0.09, 0.1];2:03;NA;0,9155;0,9371;0,92198
2;ENS23;384x384x3;Ensemble EffNet + Tab xgboost;[11, 19, 20, 21, 22, 23, 24, 25, tab_2_xgb];[0.2, 0.1, 0.1, 0.1, 0.1, 0.1, 0.1, 0.1, 0.1];2:03;NA;0,9165;0,9373;0,92274
2;ENS24;384x384x3;Ensemble EffNet + Tab xgboost;[11, 19, 20, 21, 22, 23, 24, 25, tab_2_xgb];[0.18, 0.18, 0.09, 0.09, 0.09, 0.09, 0.09, 0.09, 0.1];2:03;NA;0,9162;0,9373;0,92253
3;90;384x384x3;EfficientNetB6;ISIC 2020 (+ ISIC18 + Upsample M2);NA;0:20;0,89;0,9249;0,9404;0,92955
3;56;512x512x3;EfficientNetB6;ISIC 2020 (+ Upsample M2);NA;0:45;0,89;0,9026;0,9392;0,91358
3;67;768x768x3;EfficientNetB6;ISIC 2020 (+ Upsample M2);NA;0:50;0,91;0,92;0,9274;0,92222
3;93;1024x1024x3;EfficientNetB6;ISIC 2020 (+ ISIC18 + Upsample M2);NA;1:10;0,9;0,9102;0,9396;0,91902
3;ENS3;Ensemble tamaños;EfficientNetB6;[56, 67, 90, 93];[0.25, 0.25, 0.25, 0.25];3:06;NA;0,9319;0,9476;0,93661
3;ENS31;Ensemble tamaños;EfficientNetB6 + Tab;[56, 67, 90, 93, tab_1];[0.2, 0.2, 0.2, 0.2, 0.2];3:06;NA;0,9342;0,9488;0,93858
3;ENS32;Ensemble tamaños;EfficientNetB6 + Tab;[56, 67, 90, 93, tab_1];[0.225, 0.225, 0.225, 0.225, 0.1];3:06;NA;0,9332;0,9482;0,9377
3;ENS33;Ensemble tamaños;EfficientNetB6 + Tab;[56, 67, 90, 93, tab_1];[0.175, 0.175, 0.175, 0.175, 0.3, 0];3:06;NA;0,9348;0,9494;0,93918
3;ENS34;Ensemble tamaños;EfficientNetB6 + Tab;[56, 67, 90, 93, tab_1];[0.15, 0.15, 0.15, 0.15, 0.4, 0];3:06;NA;0,9352;0,95;0,93964
3;ENS35;Ensemble tamaños;EfficientNetB6 + Tab;[56, 67, 90, 93, tab_1];[0.125, 0.125, 0.125, 0.125, 0.5, 0];3:06;NA;0,9351;0,9502;0,93963
3;ENS36;Ensemble tamaños;EfficientNetB6 + Tab;[56, 67, 90, 93, tab_1];[0.1, 0.1, 0.1, 0.1, 0.6, 0];3:06;NA;0,9347;0,9503;0,93938
3;ENS37;Ensemble tamaños;EfficientNetB6 + Tab xgboost;[56, 67, 90, 93, tab_2_xgb];[0.2, 0.2, 0.2, 0.2, 0.2];3:06;NA;0,9348;0,949;0,93906
3;ENS38;Ensemble tamaños;EfficientNetB6 + Tab xgboost;[56, 67, 90, 93, tab_2_xgb];[0.225, 0.225, 0.225, 0.225, 0.1];3:06;NA;0,9337;0,9483;0,93808
3;ENS39;Ensemble tamaños;EfficientNetB6 + Tab xgboost;[56, 67, 90, 93, tab_2_xgb];[0.175, 0.175, 0.175, 0.175, 0.3, 0];3:06;NA;0,9353;0,9494;0,93953
3;ENS310;Ensemble tamaños;EfficientNetB6 + Tab xgboost;[56, 67, 90, 93, tab_2_xgb];[0.15, 0.15, 0.15, 0.15, 0.4, 0];3:06;NA;0,9354;0,9499;0,93975
3;ENS311;Ensemble tamaños;EfficientNetB6 + Tab xgboost;[56, 67, 90, 93, tab_2_xgb];[0.125, 0.125, 0.125, 0.125, 0.5, 0];3:06;NA;0,935;0,9501;0,93953
3;ENS312;Ensemble tamaños;EfficientNetB6 + Tab xgboost;[56, 67, 90, 93, tab_2_xgb];[0.1, 0.1, 0.1, 0.1, 0.6, 0];3:06;NA;0,9341;0,95;0,93887
